id,category,subtopic,difficulty,grade_range,question,choice1,choice2,choice3,choice4,answer_index,answer_text,explanation
G001,geography,世界の国々,basic,J1/J2,中国の首都として正しいものを選びなさい。,北京,ウェリントン,ハノイ,ソウル,0,北京,中国の首都は北京です。
G002,geography,州区分,basic,J1/J2,中国が主に位置する州として最も適切なものを選びなさい。,北アメリカ州,アフリカ州,ヨーロッパ州,アジア州,3,アジア州,中国はアジア州に位置します。
G003,geography,世界の国々,basic,J1/J2,韓国の首都として正しいものを選びなさい。,プレトリア,ソウル,キャンベラ,バンコク,1,ソウル,韓国の首都はソウルです。
G004,geography,州区分,basic,J1/J2,韓国が主に位置する州として最も適切なものを選びなさい。,北アメリカ州,南アメリカ州,ヨーロッパ州,アジア州,3,アジア州,韓国はアジア州に位置します。
G005,geography,世界の国々,basic,J1/J2,インドの首都として正しいものを選びなさい。,ニューデリー,北京,カイロ,ロンドン,0,ニューデリー,インドの首都はニューデリーです。
G006,geography,州区分,basic,J1/J2,インドが主に位置する州として最も適切なものを選びなさい。,ヨーロッパ州,アジア州,アフリカ州,オセアニア州,1,アジア州,インドはアジア州に位置します。
G007,geography,世界の国々,basic,J1/J2,タイの首都として正しいものを選びなさい。,バンコク,モスクワ,ウェリントン,ブラジリア,0,バンコク,タイの首都はバンコクです。
G008,geography,州区分,basic,J1/J2,タイが主に位置する州として最も適切なものを選びなさい。,アジア州,ヨーロッパ州,オセアニア州,北アメリカ州,0,アジア州,タイはアジア州に位置します。
G009,geography,世界の国々,basic,J1/J2,ベトナムの首都として正しいものを選びなさい。,プレトリア,ハノイ,ニューデリー,ブラジリア,1,ハノイ,ベトナムの首都はハノイです。
G010,geography,州区分,basic,J1/J2,ベトナムが主に位置する州として最も適切なものを選びなさい。,アジア州,南アメリカ州,ヨーロッパ州,アフリカ州,0,アジア州,ベトナムはアジア州に位置します。
G011,geography,世界の国々,basic,J1/J2,サウジアラビアの首都として正しいものを選びなさい。,リヤド,パリ,ブラジリア,カイロ,0,リヤド,サウジアラビアの首都はリヤドです。
G012,geography,州区分,basic,J1/J2,サウジアラビアが主に位置する州として最も適切なものを選びなさい。,アジア州,アフリカ州,北アメリカ州,ヨーロッパ州,0,アジア州,サウジアラビアはアジア州に位置します。
G013,geography,世界の国々,basic,J1/J2,エジプトの首都として正しいものを選びなさい。,パリ,リヤド,カイロ,ブエノスアイレス,2,カイロ,エジプトの首都はカイロです。
G014,geography,州区分,basic,J1/J2,エジプトが主に位置する州として最も適切なものを選びなさい。,アフリカ州,アジア州,ヨーロッパ州,南アメリカ州,0,アフリカ州,エジプトはアフリカ州に位置します。
G015,geography,世界の国々,basic,J1/J2,南アフリカ共和国の首都として正しいものを選びなさい。,プレトリア,ニューデリー,ウェリントン,カイロ,0,プレトリア,南アフリカ共和国の首都はプレトリアです。
G016,geography,州区分,basic,J1/J2,南アフリカ共和国が主に位置する州として最も適切なものを選びなさい。,北アメリカ州,アフリカ州,アジア州,ヨーロッパ州,1,アフリカ州,南アフリカ共和国はアフリカ州に位置します。
G017,geography,世界の国々,basic,J1/J2,オーストラリアの首都として正しいものを選びなさい。,ロンドン,モスクワ,ウェリントン,キャンベラ,3,キャンベラ,オーストラリアの首都はキャンベラです。
G018,geography,州区分,basic,J1/J2,オーストラリアが主に位置する州として最も適切なものを選びなさい。,アジア州,ヨーロッパ州,オセアニア州,アフリカ州,2,オセアニア州,オーストラリアはオセアニア州に位置します。
G019,geography,世界の国々,basic,J1/J2,ニュージーランドの首都として正しいものを選びなさい。,リヤド,ニューデリー,ロンドン,ウェリントン,3,ウェリントン,ニュージーランドの首都はウェリントンです。
G020,geography,州区分,basic,J1/J2,ニュージーランドが主に位置する州として最も適切なものを選びなさい。,南アメリカ州,オセアニア州,アジア州,北アメリカ州,1,オセアニア州,ニュージーランドはオセアニア州に位置します。
G021,geography,世界の国々,basic,J1/J2,アメリカ合衆国の首都として正しいものを選びなさい。,ワシントンD.C.,オタワ,キャンベラ,モスクワ,0,ワシントンD.C.,アメリカ合衆国の首都はワシントンD.C.です。
G022,geography,州区分,basic,J1/J2,アメリカ合衆国が主に位置する州として最も適切なものを選びなさい。,南アメリカ州,オセアニア州,北アメリカ州,ヨーロッパ州,2,北アメリカ州,アメリカ合衆国は北アメリカ州に位置します。
G023,geography,世界の国々,basic,J1/J2,カナダの首都として正しいものを選びなさい。,ウェリントン,オタワ,ローマ,バンコク,1,オタワ,カナダの首都はオタワです。
G024,geography,州区分,basic,J1/J2,カナダが主に位置する州として最も適切なものを選びなさい。,北アメリカ州,オセアニア州,ヨーロッパ州,アフリカ州,0,北アメリカ州,カナダは北アメリカ州に位置します。
G025,geography,世界の国々,basic,J1/J2,ブラジルの首都として正しいものを選びなさい。,ブラジリア,ウェリントン,バンコク,オタワ,0,ブラジリア,ブラジルの首都はブラジリアです。
G026,geography,州区分,basic,J1/J2,ブラジルが主に位置する州として最も適切なものを選びなさい。,ヨーロッパ州,アジア州,北アメリカ州,南アメリカ州,3,南アメリカ州,ブラジルは南アメリカ州に位置します。
G027,geography,世界の国々,basic,J1/J2,アルゼンチンの首都として正しいものを選びなさい。,ハノイ,ベルリン,ブエノスアイレス,リヤド,2,ブエノスアイレス,アルゼンチンの首都はブエノスアイレスです。
G028,geography,州区分,basic,J1/J2,アルゼンチンが主に位置する州として最も適切なものを選びなさい。,オセアニア州,南アメリカ州,北アメリカ州,アフリカ州,1,南アメリカ州,アルゼンチンは南アメリカ州に位置します。
G029,geography,世界の国々,basic,J1/J2,イギリスの首都として正しいものを選びなさい。,ローマ,モスクワ,ロンドン,パリ,2,ロンドン,イギリスの首都はロンドンです。
G030,geography,州区分,basic,J1/J2,イギリスが主に位置する州として最も適切なものを選びなさい。,ヨーロッパ州,オセアニア州,北アメリカ州,南アメリカ州,0,ヨーロッパ州,イギリスはヨーロッパ州に位置します。
G031,geography,世界の国々,basic,J1/J2,フランスの首都として正しいものを選びなさい。,パリ,ソウル,北京,ニューデリー,0,パリ,フランスの首都はパリです。
G032,geography,州区分,basic,J1/J2,フランスが主に位置する州として最も適切なものを選びなさい。,南アメリカ州,北アメリカ州,ヨーロッパ州,オセアニア州,2,ヨーロッパ州,フランスはヨーロッパ州に位置します。
G033,geography,世界の国々,basic,J1/J2,ドイツの首都として正しいものを選びなさい。,カイロ,パリ,ベルリン,ハノイ,2,ベルリン,ドイツの首都はベルリンです。
G034,geography,州区分,basic,J1/J2,ドイツが主に位置する州として最も適切なものを選びなさい。,アフリカ州,アジア州,オセアニア州,ヨーロッパ州,3,ヨーロッパ州,ドイツはヨーロッパ州に位置します。
G035,geography,世界の国々,basic,J1/J2,イタリアの首都として正しいものを選びなさい。,ソウル,ロンドン,ローマ,ブエノスアイレス,2,ローマ,イタリアの首都はローマです。
G036,geography,州区分,basic,J1/J2,イタリアが主に位置する州として最も適切なものを選びなさい。,アジア州,ヨーロッパ州,南アメリカ州,オセアニア州,1,ヨーロッパ州,イタリアはヨーロッパ州に位置します。
G037,geography,世界の国々,basic,J1/J2,ロシアの首都として正しいものを選びなさい。,モスクワ,ハノイ,ブエノスアイレス,リヤド,0,モスクワ,ロシアの首都はモスクワです。
G038,geography,州区分,basic,J1/J2,ロシアが主に位置する州として最も適切なものを選びなさい。,アジア州,南アメリカ州,ヨーロッパ州,オセアニア州,2,ヨーロッパ州,ロシアはヨーロッパ州に位置します。
G039,geography,自然環境,basic,J1/J2,ナイル川がみられる地域として最も適切なものを選びなさい。,南アメリカ,南アメリカ,北アメリカ,アフリカ,3,アフリカ,ナイル川はアフリカにみられます。世界で長い川として知られる。
G040,geography,自然環境,basic,J1/J2,アマゾン川がみられる地域として最も適切なものを選びなさい。,アフリカ,北アメリカ,南アメリカ,ヨーロッパ,2,南アメリカ,アマゾン川は南アメリカにみられます。流域面積が非常に広い。
G041,geography,自然環境,basic,J1/J2,ミシシッピ川がみられる地域として最も適切なものを選びなさい。,ヨーロッパ,北アメリカ,アジア,オセアニア,1,北アメリカ,ミシシッピ川は北アメリカにみられます。アメリカ合衆国の中央部を流れる。
G042,geography,自然環境,basic,J1/J2,エベレストがみられる地域として最も適切なものを選びなさい。,アジア,北アメリカ,南アメリカ,オセアニア,0,アジア,エベレストはアジアにみられます。ヒマラヤ山脈にある世界最高峰。
G043,geography,自然環境,basic,J1/J2,アルプス山脈がみられる地域として最も適切なものを選びなさい。,ヨーロッパ,北アメリカ,アフリカ,南アメリカ,0,ヨーロッパ,アルプス山脈はヨーロッパにみられます。ヨーロッパ南部に広がる。
G044,geography,自然環境,basic,J1/J2,ロッキー山脈がみられる地域として最も適切なものを選びなさい。,オセアニア,北アメリカ,南アメリカ,南アメリカ,1,北アメリカ,ロッキー山脈は北アメリカにみられます。北アメリカ西部を南北にのびる。
G045,geography,自然環境,basic,J1/J2,アンデス山脈がみられる地域として最も適切なものを選びなさい。,北アメリカ,北アメリカ,南アメリカ,アフリカ,2,南アメリカ,アンデス山脈は南アメリカにみられます。南アメリカ西岸を南北にのびる。
G046,geography,日本の地方,basic,J1/J2,北海道地方の中心都市として最も適切なものを選びなさい。,札幌市,仙台市,さいたま市,広島市,0,札幌市,北海道地方の代表的な都市は札幌市です。
G047,geography,日本の地方,basic,J1/J2,北海道地方の特色として最も適切なものを選びなさい。,工業,畜産,酪農,人口集中,2,酪農,北海道地方では酪農が特徴の一つです。
G048,geography,日本の地方,basic,J1/J2,東北地方の中心都市として最も適切なものを選びなさい。,名古屋市,仙台市,さいたま市,大阪市,1,仙台市,東北地方の代表的な都市は仙台市です。
G049,geography,日本の地方,basic,J1/J2,東北地方の特色として最も適切なものを選びなさい。,瀬戸内の工業,米づくり,酪農,商業,1,米づくり,東北地方では米づくりが特徴の一つです。
G050,geography,日本の地方,basic,J1/J2,関東地方の中心都市として最も適切なものを選びなさい。,名古屋市,さいたま市,広島市,仙台市,1,さいたま市,関東地方の代表的な都市はさいたま市です。
G051,geography,日本の地方,basic,J1/J2,関東地方の特色として最も適切なものを選びなさい。,工業,畜産,米づくり,人口集中,3,人口集中,関東地方では人口集中が特徴の一つです。
G052,geography,日本の地方,basic,J1/J2,中部地方の中心都市として最も適切なものを選びなさい。,福岡市,広島市,名古屋市,札幌市,2,名古屋市,中部地方の代表的な都市は名古屋市です。
G053,geography,日本の地方,basic,J1/J2,中部地方の特色として最も適切なものを選びなさい。,人口集中,工業,酪農,米づくり,1,工業,中部地方では工業が特徴の一つです。
G054,geography,日本の地方,basic,J1/J2,近畿地方の中心都市として最も適切なものを選びなさい。,大阪市,福岡市,さいたま市,仙台市,0,大阪市,近畿地方の代表的な都市は大阪市です。
G055,geography,日本の地方,basic,J1/J2,近畿地方の特色として最も適切なものを選びなさい。,人口集中,工業,商業,瀬戸内の工業,2,商業,近畿地方では商業が特徴の一つです。
G056,geography,日本の地方,basic,J1/J2,中国・四国地方の中心都市として最も適切なものを選びなさい。,広島市,札幌市,さいたま市,大阪市,0,広島市,中国・四国地方の代表的な都市は広島市です。
G057,geography,日本の地方,basic,J1/J2,中国・四国地方の特色として最も適切なものを選びなさい。,工業,商業,瀬戸内の工業,米づくり,2,瀬戸内の工業,中国・四国地方では瀬戸内の工業が特徴の一つです。
G058,geography,日本の地方,basic,J1/J2,九州地方の中心都市として最も適切なものを選びなさい。,仙台市,広島市,福岡市,札幌市,2,福岡市,九州地方の代表的な都市は福岡市です。
G059,geography,日本の地方,basic,J1/J2,九州地方の特色として最も適切なものを選びなさい。,畜産,工業,米づくり,酪農,0,畜産,九州地方では畜産が特徴の一つです。
G060,geography,日本の産業,basic,J1/J2,北海道の説明として正しいものを選びなさい。,冷涼な気候を生かした畑作と酪農,海上交通を生かした工業,人口が多く第三次産業が発達,自動車工業がさかん,0,冷涼な気候を生かした畑作と酪農,北海道の特色は「冷涼な気候を生かした畑作と酪農」です。
G061,geography,日本の産業,basic,J1/J2,東北地方の説明として正しいものを選びなさい。,かつて鉄鋼業で発展,米づくりがさかん,海上交通を生かした工業,人口が多く第三次産業が発達,1,米づくりがさかん,東北地方の特色は「米づくりがさかん」です。
G062,geography,日本の産業,basic,J1/J2,関東地方の説明として正しいものを選びなさい。,米づくりがさかん,冷涼な気候を生かした畑作と酪農,自動車工業がさかん,人口が多く第三次産業が発達,3,人口が多く第三次産業が発達,関東地方の特色は「人口が多く第三次産業が発達」です。
G063,geography,日本の産業,basic,J1/J2,中京工業地帯の説明として正しいものを選びなさい。,冷涼な気候を生かした畑作と酪農,米づくりがさかん,人口が多く第三次産業が発達,自動車工業がさかん,3,自動車工業がさかん,中京工業地帯の特色は「自動車工業がさかん」です。
G064,geography,日本の産業,basic,J1/J2,阪神工業地帯の説明として正しいものを選びなさい。,古くから重化学工業が発達,米づくりがさかん,かつて鉄鋼業で発展,自動車工業がさかん,0,古くから重化学工業が発達,阪神工業地帯の特色は「古くから重化学工業が発達」です。
G065,geography,日本の産業,basic,J1/J2,瀬戸内工業地域の説明として正しいものを選びなさい。,米づくりがさかん,かつて鉄鋼業で発展,冷涼な気候を生かした畑作と酪農,海上交通を生かした工業,3,海上交通を生かした工業,瀬戸内工業地域の特色は「海上交通を生かした工業」です。
G066,geography,日本の産業,basic,J1/J2,北九州工業地帯の説明として正しいものを選びなさい。,冷涼な気候を生かした畑作と酪農,人口が多く第三次産業が発達,古くから重化学工業が発達,かつて鉄鋼業で発展,3,かつて鉄鋼業で発展,北九州工業地帯の特色は「かつて鉄鋼業で発展」です。
G067,geography,気候,basic,J1/J2,地中海性気候の特徴として最も適切なものを選びなさい。,一年を通して降水があり、気温差が小さい,夏に乾燥し、冬に雨が多い,降水量が少なく、砂漠がみられる,四季の変化がみられる,1,夏に乾燥し、冬に雨が多い,地中海性気候は夏に乾燥し、冬に雨が多いのが特徴です。
G068,geography,気候,basic,J1/J2,西岸海洋性気候の特徴として最も適切なものを選びなさい。,夏に乾燥し、冬に雨が多い,一年中高温で、降水量が多い,四季の変化がみられる,一年を通して降水があり、気温差が小さい,3,一年を通して降水があり、気温差が小さい,西岸海洋性気候は一年を通して降水があり、気温差が小さいのが特徴です。
G069,geography,気候,basic,J1/J2,乾燥帯の特徴として最も適切なものを選びなさい。,一年を通して降水があり、気温差が小さい,冬の寒さが厳しく、針葉樹林が広がる,降水量が少なく、砂漠がみられる,夏に乾燥し、冬に雨が多い,2,降水量が少なく、砂漠がみられる,乾燥帯は降水量が少なく、砂漠がみられるのが特徴です。
G070,geography,気候,basic,J1/J2,熱帯の特徴として最も適切なものを選びなさい。,冬の寒さが厳しく、針葉樹林が広がる,降水量が少なく、砂漠がみられる,一年中高温で、降水量が多い,夏に乾燥し、冬に雨が多い,2,一年中高温で、降水量が多い,熱帯は一年中高温で、降水量が多いのが特徴です。
G071,geography,気候,basic,J1/J2,冷帯（亜寒帯）の特徴として最も適切なものを選びなさい。,降水量が少なく、砂漠がみられる,夏に乾燥し、冬に雨が多い,冬の寒さが厳しく、針葉樹林が広がる,一年中高温で、降水量が多い,2,冬の寒さが厳しく、針葉樹林が広がる,冷帯（亜寒帯）は冬の寒さが厳しく、針葉樹林が広がるのが特徴です。
G072,geography,気候,basic,J1/J2,温帯の特徴として最も適切なものを選びなさい。,降水量が少なく、砂漠がみられる,一年中高温で、降水量が多い,冬の寒さが厳しく、針葉樹林が広がる,四季の変化がみられる,3,四季の変化がみられる,温帯は四季の変化がみられるのが特徴です。
G073,geography,用語,basic,J1/J2,扇状地の説明として最も適切なものを選びなさい。,外国から商品を買うこと,川が山地から平地に出るところに土砂がたまってできる地形,経度の違いによって生じる時刻の差,季節によって風向きが大きく変わる風,1,川が山地から平地に出るところに土砂がたまってできる地形,扇状地とは、川が山地から平地に出るところに土砂がたまってできる地形ことです。
G074,geography,用語,basic,J1/J2,三角州の説明として最も適切なものを選びなさい。,生産者に配慮した公正な貿易,川が海や湖にそそぐ河口付近に土砂がたまってできる地形,国や地域で基準にする時刻,日本の東北地方沖を南下する寒流,1,川が海や湖にそそぐ河口付近に土砂がたまってできる地形,三角州とは、川が海や湖にそそぐ河口付近に土砂がたまってできる地形ことです。
G075,geography,用語,basic,J1/J2,リアス海岸の説明として最も適切なものを選びなさい。,海岸線が複雑に入り組んだ地形,地形図で同じ高さの地点を結ぶ線,外国から商品を買うこと,日本の東北地方沖を南下する寒流,0,海岸線が複雑に入り組んだ地形,リアス海岸とは、海岸線が複雑に入り組んだ地形ことです。
G076,geography,用語,basic,J1/J2,輪中の説明として最も適切なものを選びなさい。,遠くの海まで出て長期間行う漁業,洪水を防ぐため堤防で囲まれた土地,人口が少なくなり地域の活力が弱まること,東西を結ぶ線,1,洪水を防ぐため堤防で囲まれた土地,輪中とは、洪水を防ぐため堤防で囲まれた土地ことです。
G077,geography,用語,basic,J1/J2,棚田の説明として最も適切なものを選びなさい。,生産者に配慮した公正な貿易,人口が集中し住宅や交通などに問題が起こること,遠くの海まで出て長期間行う漁業,斜面を利用してつくられた階段状の水田,3,斜面を利用してつくられた階段状の水田,棚田とは、斜面を利用してつくられた階段状の水田ことです。
G078,geography,用語,basic,J1/J2,促成栽培の説明として最も適切なものを選びなさい。,海岸線が複雑に入り組んだ地形,温暖な気候を生かして出荷時期を早める栽培,生産者に配慮した公正な貿易,季節によって風向きが大きく変わる風,1,温暖な気候を生かして出荷時期を早める栽培,促成栽培とは、温暖な気候を生かして出荷時期を早める栽培ことです。
G079,geography,用語,basic,J1/J2,抑制栽培の説明として最も適切なものを選びなさい。,涼しい気候を生かして出荷時期を遅らせる栽培,陸地に近い海で日帰り中心に行う漁業,生産者に配慮した公正な貿易,季節によって風向きが大きく変わる風,0,涼しい気候を生かして出荷時期を遅らせる栽培,抑制栽培とは、涼しい気候を生かして出荷時期を遅らせる栽培ことです。
G080,geography,用語,basic,J1/J2,遠洋漁業の説明として最も適切なものを選びなさい。,遠くの海まで出て長期間行う漁業,子どもの割合が減り高齢者の割合が増えること,陸地に近い海で日帰り中心に行う漁業,川が海や湖にそそぐ河口付近に土砂がたまってできる地形,0,遠くの海まで出て長期間行う漁業,遠洋漁業とは、遠くの海まで出て長期間行う漁業ことです。
G081,geography,用語,basic,J1/J2,沿岸漁業の説明として最も適切なものを選びなさい。,一定面積あたりの人口,陸地に近い海で日帰り中心に行う漁業,輸出入の偏りなどから国どうしの対立が起こること,地域で生産したものを地域で消費すること,1,陸地に近い海で日帰り中心に行う漁業,沿岸漁業とは、陸地に近い海で日帰り中心に行う漁業ことです。
G082,geography,用語,basic,J1/J2,養殖漁業の説明として最も適切なものを選びなさい。,魚介類やのりなどを育てて出荷する漁業,子どもの割合が減り高齢者の割合が増えること,遠くの海まで出て長期間行う漁業,日本の東北地方沖を南下する寒流,0,魚介類やのりなどを育てて出荷する漁業,養殖漁業とは、魚介類やのりなどを育てて出荷する漁業ことです。
G083,geography,用語,basic,J1/J2,季節風の説明として最も適切なものを選びなさい。,地図を実際よりどれだけ小さくしたかを示す割合,季節によって風向きが大きく変わる風,南北を結ぶ線,一定面積あたりの人口,1,季節によって風向きが大きく変わる風,季節風とは、季節によって風向きが大きく変わる風ことです。
G084,geography,用語,basic,J1/J2,偏西風の説明として最も適切なものを選びなさい。,東西を結ぶ線,経度の違いによって生じる時刻の差,温暖な気候を生かして出荷時期を早める栽培,中緯度地域で西から東へ吹く風,3,中緯度地域で西から東へ吹く風,偏西風とは、中緯度地域で西から東へ吹く風ことです。
G085,geography,用語,basic,J1/J2,黒潮の説明として最も適切なものを選びなさい。,地図を実際よりどれだけ小さくしたかを示す割合,人口が集中し住宅や交通などに問題が起こること,日本の太平洋側を北上する暖流,洪水を防ぐため堤防で囲まれた土地,2,日本の太平洋側を北上する暖流,黒潮とは、日本の太平洋側を北上する暖流ことです。
G086,geography,用語,basic,J1/J2,親潮の説明として最も適切なものを選びなさい。,南北を結ぶ線,一定面積あたりの人口,人口が集中し住宅や交通などに問題が起こること,日本の東北地方沖を南下する寒流,3,日本の東北地方沖を南下する寒流,親潮とは、日本の東北地方沖を南下する寒流ことです。
G087,geography,用語,basic,J1/J2,過疎の説明として最も適切なものを選びなさい。,一定面積あたりの人口,国や地域で基準にする時刻,温暖な気候を生かして出荷時期を早める栽培,人口が少なくなり地域の活力が弱まること,3,人口が少なくなり地域の活力が弱まること,過疎とは、人口が少なくなり地域の活力が弱まることことです。
G088,geography,用語,basic,J1/J2,過密の説明として最も適切なものを選びなさい。,南北を結ぶ線,遠くの海まで出て長期間行う漁業,人口が集中し住宅や交通などに問題が起こること,地形図で同じ高さの地点を結ぶ線,2,人口が集中し住宅や交通などに問題が起こること,過密とは、人口が集中し住宅や交通などに問題が起こることことです。
G089,geography,用語,basic,J1/J2,少子高齢化の説明として最も適切なものを選びなさい。,陸地に近い海で日帰り中心に行う漁業,遠くの海まで出て長期間行う漁業,地域で生産したものを地域で消費すること,子どもの割合が減り高齢者の割合が増えること,3,子どもの割合が減り高齢者の割合が増えること,少子高齢化とは、子どもの割合が減り高齢者の割合が増えることことです。
G090,geography,用語,basic,J1/J2,輸出の説明として最も適切なものを選びなさい。,陸地に近い海で日帰り中心に行う漁業,遠くの海まで出て長期間行う漁業,外国へ商品を売ること,季節によって風向きが大きく変わる風,2,外国へ商品を売ること,輸出とは、外国へ商品を売ることことです。
G091,geography,用語,basic,J1/J2,輸入の説明として最も適切なものを選びなさい。,外国から商品を買うこと,斜面を利用してつくられた階段状の水田,日本の太平洋側を北上する暖流,遠くの海まで出て長期間行う漁業,0,外国から商品を買うこと,輸入とは、外国から商品を買うことことです。
G092,geography,用語,basic,J1/J2,貿易摩擦の説明として最も適切なものを選びなさい。,季節によって風向きが大きく変わる風,海岸線が複雑に入り組んだ地形,日本の東北地方沖を南下する寒流,輸出入の偏りなどから国どうしの対立が起こること,3,輸出入の偏りなどから国どうしの対立が起こること,貿易摩擦とは、輸出入の偏りなどから国どうしの対立が起こることことです。
G093,geography,用語,basic,J1/J2,再生可能エネルギーの説明として最も適切なものを選びなさい。,地形図で同じ高さの地点を結ぶ線,涼しい気候を生かして出荷時期を遅らせる栽培,日本の東北地方沖を南下する寒流,太陽光や風力など繰り返し利用できるエネルギー,3,太陽光や風力など繰り返し利用できるエネルギー,再生可能エネルギーとは、太陽光や風力など繰り返し利用できるエネルギーことです。
G094,geography,用語,basic,J1/J2,地産地消の説明として最も適切なものを選びなさい。,南北を結ぶ線,地図を実際よりどれだけ小さくしたかを示す割合,一定面積あたりの人口,地域で生産したものを地域で消費すること,3,地域で生産したものを地域で消費すること,地産地消とは、地域で生産したものを地域で消費することことです。
G095,geography,用語,basic,J1/J2,フェアトレードの説明として最も適切なものを選びなさい。,南北を結ぶ線,中緯度地域で西から東へ吹く風,魚介類やのりなどを育てて出荷する漁業,生産者に配慮した公正な貿易,3,生産者に配慮した公正な貿易,フェアトレードとは、生産者に配慮した公正な貿易ことです。
G096,geography,用語,basic,J1/J2,時差の説明として最も適切なものを選びなさい。,陸地に近い海で日帰り中心に行う漁業,人口が集中し住宅や交通などに問題が起こること,遠くの海まで出て長期間行う漁業,経度の違いによって生じる時刻の差,3,経度の違いによって生じる時刻の差,時差とは、経度の違いによって生じる時刻の差ことです。
G097,geography,用語,basic,J1/J2,標準時の説明として最も適切なものを選びなさい。,季節によって風向きが大きく変わる風,日本の太平洋側を北上する暖流,地域で生産したものを地域で消費すること,国や地域で基準にする時刻,3,国や地域で基準にする時刻,標準時とは、国や地域で基準にする時刻ことです。
G098,geography,用語,basic,J1/J2,経線の説明として最も適切なものを選びなさい。,斜面を利用してつくられた階段状の水田,南北を結ぶ線,人口が少なくなり地域の活力が弱まること,地形図で同じ高さの地点を結ぶ線,1,南北を結ぶ線,経線とは、南北を結ぶ線ことです。
G099,geography,用語,basic,J1/J2,緯線の説明として最も適切なものを選びなさい。,日本の東北地方沖を南下する寒流,海岸線が複雑に入り組んだ地形,東西を結ぶ線,太陽光や風力など繰り返し利用できるエネルギー,2,東西を結ぶ線,緯線とは、東西を結ぶ線ことです。
G100,geography,用語,basic,J1/J2,等高線の説明として最も適切なものを選びなさい。,地形図で同じ高さの地点を結ぶ線,陸地に近い海で日帰り中心に行う漁業,川が海や湖にそそぐ河口付近に土砂がたまってできる地形,日本の太平洋側を北上する暖流,0,地形図で同じ高さの地点を結ぶ線,等高線とは、地形図で同じ高さの地点を結ぶ線ことです。
G101,geography,用語,basic,J1/J2,縮尺の説明として最も適切なものを選びなさい。,季節によって風向きが大きく変わる風,一定面積あたりの人口,国や地域で基準にする時刻,地図を実際よりどれだけ小さくしたかを示す割合,3,地図を実際よりどれだけ小さくしたかを示す割合,縮尺とは、地図を実際よりどれだけ小さくしたかを示す割合ことです。
G102,geography,用語,basic,J1/J2,人口密度の説明として最も適切なものを選びなさい。,東西を結ぶ線,海岸線が複雑に入り組んだ地形,陸地に近い海で日帰り中心に行う漁業,一定面積あたりの人口,3,一定面積あたりの人口,人口密度とは、一定面積あたりの人口ことです。
G103,geography,日本の気候,basic,J1/J2,日本海側の冬の天気の特徴として最も適切なものを選びなさい。,雨が少なく温暖,季節風の影響で雪や雨が多い,梅雨の影響が比較的小さい,一日の気温差が大きい,1,季節風の影響で雪や雨が多い,日本海側の冬の天気では季節風の影響で雪や雨が多いことが多いです。
G104,geography,日本の気候,basic,J1/J2,太平洋側の冬の天気の特徴として最も適切なものを選びなさい。,雨が少なく温暖,晴れる日が多く乾燥しやすい,梅雨の影響が比較的小さい,季節風の影響で雪や雨が多い,1,晴れる日が多く乾燥しやすい,太平洋側の冬の天気では晴れる日が多く乾燥しやすいことが多いです。
G105,geography,日本の気候,basic,J1/J2,瀬戸内の気候の特徴として最も適切なものを選びなさい。,梅雨の影響が比較的小さい,雨が少なく温暖,一年を通して温暖で台風の影響を受けやすい,晴れる日が多く乾燥しやすい,1,雨が少なく温暖,瀬戸内の気候では雨が少なく温暖ことが多いです。
G106,geography,日本の気候,basic,J1/J2,中央高地の気候の特徴として最も適切なものを選びなさい。,一日の気温差が大きい,一年を通して温暖で台風の影響を受けやすい,晴れる日が多く乾燥しやすい,雨が少なく温暖,0,一日の気温差が大きい,中央高地の気候では一日の気温差が大きいことが多いです。
G107,geography,日本の気候,basic,J1/J2,南西諸島の気候の特徴として最も適切なものを選びなさい。,一年を通して温暖で台風の影響を受けやすい,季節風の影響で雪や雨が多い,雨が少なく温暖,晴れる日が多く乾燥しやすい,0,一年を通して温暖で台風の影響を受けやすい,南西諸島の気候では一年を通して温暖で台風の影響を受けやすいことが多いです。
G108,geography,日本の気候,basic,J1/J2,北海道の気候の特徴として最も適切なものを選びなさい。,季節風の影響で雪や雨が多い,梅雨の影響が比較的小さい,一日の気温差が大きい,晴れる日が多く乾燥しやすい,1,梅雨の影響が比較的小さい,北海道の気候では梅雨の影響が比較的小さいことが多いです。
G109,geography,交通,basic,J1/J2,成田は何として知られる施設ですか。,空港,港,ダム,発電所,0,空港,成田は代表的な空港です。
G110,geography,交通,basic,J1/J2,羽田は何として知られる施設ですか。,空港,港,ダム,発電所,0,空港,羽田は代表的な空港です。
G111,geography,交通,basic,J1/J2,中部国際は何として知られる施設ですか。,空港,港,ダム,発電所,0,空港,中部国際は代表的な空港です。
G112,geography,交通,basic,J1/J2,関西国際は何として知られる施設ですか。,空港,港,ダム,発電所,0,空港,関西国際は代表的な空港です。
G113,geography,交通,basic,J1/J2,名古屋は何として知られる施設ですか。,空港,港,ダム,発電所,1,港,名古屋は代表的な港です。
G114,geography,交通,basic,J1/J2,神戸は何として知られる施設ですか。,空港,港,ダム,発電所,1,港,神戸は代表的な港です。
G115,geography,交通,basic,J1/J2,横浜は何として知られる施設ですか。,空港,港,ダム,発電所,1,港,横浜は代表的な港です。
G116,geography,交通,basic,J1/J2,釧路は何として知られる施設ですか。,空港,港,ダム,発電所,1,港,釧路は代表的な港です。
G117,geography,資源,basic,J1/J2,石油の説明として正しいものを選びなさい。,オーストラリアやブラジルからの輸入が多い,火力発電や鉄鋼業に利用されてきた,サウジアラビアなど西アジアの産出が多い,主に衣服の原料になる,2,サウジアラビアなど西アジアの産出が多い,石油はサウジアラビアなど西アジアの産出が多い資源です。
G118,geography,資源,basic,J1/J2,鉄鉱石の説明として正しいものを選びなさい。,オーストラリアやブラジルからの輸入が多い,発電や都市ガスに利用される,サウジアラビアなど西アジアの産出が多い,火力発電や鉄鋼業に利用されてきた,0,オーストラリアやブラジルからの輸入が多い,鉄鉱石はオーストラリアやブラジルからの輸入が多い資源です。
G119,geography,資源,basic,J1/J2,天然ガスの説明として正しいものを選びなさい。,オーストラリアやブラジルからの輸入が多い,サウジアラビアなど西アジアの産出が多い,火力発電や鉄鋼業に利用されてきた,発電や都市ガスに利用される,3,発電や都市ガスに利用される,天然ガスは発電や都市ガスに利用される資源です。
G120,geography,資源,basic,J1/J2,石炭の説明として正しいものを選びなさい。,主に衣服の原料になる,オーストラリアやブラジルからの輸入が多い,サウジアラビアなど西アジアの産出が多い,火力発電や鉄鋼業に利用されてきた,3,火力発電や鉄鋼業に利用されてきた,石炭は火力発電や鉄鋼業に利用されてきた資源です。
G121,geography,世界の地域,basic,J1/J2,東南アジアの特色として最も適切なものを選びなさい。,米を主食とする地域が多い,オーストラリアやニュージーランドがある,赤道付近に熱帯が広がる,大土地所有の歴史をもつ地域がある,0,米を主食とする地域が多い,東南アジアでは米を主食とする地域が多いことが特徴です。
G122,geography,世界の地域,basic,J1/J2,西アジアの特色として最も適切なものを選びなさい。,EUを通じた結びつきが強い,米を主食とする地域が多い,オーストラリアやニュージーランドがある,石油資源が豊富な国が多い,3,石油資源が豊富な国が多い,西アジアでは石油資源が豊富な国が多いことが特徴です。
G123,geography,世界の地域,basic,J1/J2,南アジアの特色として最も適切なものを選びなさい。,インドを中心に人口が多い,オーストラリアやニュージーランドがある,大土地所有の歴史をもつ地域がある,移民の多い社会がみられる,0,インドを中心に人口が多い,南アジアではインドを中心に人口が多いことが特徴です。
G124,geography,世界の地域,basic,J1/J2,ヨーロッパ西部の特色として最も適切なものを選びなさい。,石油資源が豊富な国が多い,インドを中心に人口が多い,オーストラリアやニュージーランドがある,EUを通じた結びつきが強い,3,EUを通じた結びつきが強い,ヨーロッパ西部ではEUを通じた結びつきが強いことが特徴です。
G125,geography,世界の地域,basic,J1/J2,北アメリカの特色として最も適切なものを選びなさい。,オーストラリアやニュージーランドがある,インドを中心に人口が多い,移民の多い社会がみられる,赤道付近に熱帯が広がる,2,移民の多い社会がみられる,北アメリカでは移民の多い社会がみられることが特徴です。
G126,geography,世界の地域,basic,J1/J2,南アメリカの特色として最も適切なものを選びなさい。,大土地所有の歴史をもつ地域がある,オーストラリアやニュージーランドがある,移民の多い社会がみられる,米を主食とする地域が多い,0,大土地所有の歴史をもつ地域がある,南アメリカでは大土地所有の歴史をもつ地域があることが特徴です。
G127,geography,世界の地域,basic,J1/J2,アフリカの特色として最も適切なものを選びなさい。,大土地所有の歴史をもつ地域がある,赤道付近に熱帯が広がる,オーストラリアやニュージーランドがある,EUを通じた結びつきが強い,1,赤道付近に熱帯が広がる,アフリカでは赤道付近に熱帯が広がることが特徴です。
G128,geography,世界の地域,basic,J1/J2,オセアニアの特色として最も適切なものを選びなさい。,赤道付近に熱帯が広がる,EUを通じた結びつきが強い,大土地所有の歴史をもつ地域がある,オーストラリアやニュージーランドがある,3,オーストラリアやニュージーランドがある,オセアニアではオーストラリアやニュージーランドがあることが特徴です。
G129,geography,地図の読み取り,basic,J1/J2,次のうち正しいものを選びなさい。,地図記号だけ見ればよい,等高線の数字は気にしなくてよい,地図を見るときに方角を確かめる方法,海抜は地図ではわからない,2,地図を見るときに方角を確かめる方法,地図を見るときに方角を確かめる方法が地図を読む基本です。
G130,geography,地図の読み取り,basic,J1/J2,次のうち正しいものを選びなさい。,地図記号だけ見ればよい,等高線の数字は気にしなくてよい,急な斜面を表す地形図の特徴,海抜は地図ではわからない,2,急な斜面を表す地形図の特徴,急な斜面を表す地形図の特徴が地図を読む基本です。
G131,geography,地図の読み取り,basic,J1/J2,次のうち正しいものを選びなさい。,地図記号だけ見ればよい,等高線の数字は気にしなくてよい,ゆるやかな斜面を表す地形図の特徴,海抜は地図ではわからない,2,ゆるやかな斜面を表す地形図の特徴,ゆるやかな斜面を表す地形図の特徴が地図を読む基本です。
G132,geography,地図の読み取り,basic,J1/J2,次のうち正しいものを選びなさい。,地図記号だけ見ればよい,等高線の数字は気にしなくてよい,地形図を読む基本,海抜は地図ではわからない,2,地形図を読む基本,地形図を読む基本が地図を読む基本です。
G133,geography,地図の読み取り,basic,J1/J2,次のうち正しいものを選びなさい。,地図記号だけ見ればよい,等高線の数字は気にしなくてよい,地図の見方の基本,海抜は地図ではわからない,2,地図の見方の基本,地図の見方の基本が地図を読む基本です。
G134,geography,地図の読み取り,basic,J1/J2,次のうち正しいものを選びなさい。,地図記号だけ見ればよい,等高線の数字は気にしなくてよい,2万5千分の1地形図の表し方,海抜は地図ではわからない,2,2万5千分の1地形図の表し方,2万5千分の1地形図の表し方が地図を読む基本です。
G135,geography,都道府県,basic,J1/J2,北海道の県庁所在地として正しいものを選びなさい。,名古屋市,大阪市,札幌市,新宿区,2,札幌市,北海道の県庁所在地は札幌市です。
G136,geography,都道府県,basic,J1/J2,宮城県の県庁所在地として正しいものを選びなさい。,大阪市,仙台市,広島市,福岡市,1,仙台市,宮城県の県庁所在地は仙台市です。
G137,geography,都道府県,basic,J1/J2,東京都の県庁所在地として正しいものを選びなさい。,名古屋市,新宿区,福岡市,大阪市,1,新宿区,東京都の県庁所在地は新宿区です。
G138,geography,都道府県,basic,J1/J2,愛知県の県庁所在地として正しいものを選びなさい。,札幌市,名古屋市,仙台市,那覇市,1,名古屋市,愛知県の県庁所在地は名古屋市です。
G139,geography,都道府県,basic,J1/J2,大阪府の県庁所在地として正しいものを選びなさい。,仙台市,那覇市,大阪市,名古屋市,2,大阪市,大阪府の県庁所在地は大阪市です。
G140,geography,都道府県,basic,J1/J2,広島県の県庁所在地として正しいものを選びなさい。,新宿区,札幌市,広島市,仙台市,2,広島市,広島県の県庁所在地は広島市です。
G141,geography,都道府県,basic,J1/J2,福岡県の県庁所在地として正しいものを選びなさい。,大阪市,新宿区,福岡市,札幌市,2,福岡市,福岡県の県庁所在地は福岡市です。
G142,geography,都道府県,basic,J1/J2,沖縄県の県庁所在地として正しいものを選びなさい。,札幌市,那覇市,新宿区,大阪市,1,那覇市,沖縄県の県庁所在地は那覇市です。
G143,geography,日本の農業,basic,J1/J2,北海道の農業の特色として最も適切なものを選びなさい。,近郊農業がさかん,てんさいやじゃがいもの生産が多い,りんごの生産が多い,さとうきびの栽培がみられる,1,てんさいやじゃがいもの生産が多い,北海道ではてんさいやじゃがいもの生産が多いことが知られています。
G144,geography,日本の農業,basic,J1/J2,千葉県の農業の特色として最も適切なものを選びなさい。,近郊農業がさかん,高原野菜の栽培がさかん,茶の栽培で知られる,畜産がさかん,0,近郊農業がさかん,千葉県では近郊農業がさかんことが知られています。
G145,geography,日本の農業,basic,J1/J2,長野県の農業の特色として最も適切なものを選びなさい。,りんごの生産が多い,畜産がさかん,てんさいやじゃがいもの生産が多い,高原野菜の栽培がさかん,3,高原野菜の栽培がさかん,長野県では高原野菜の栽培がさかんことが知られています。
G146,geography,日本の農業,basic,J1/J2,静岡県の農業の特色として最も適切なものを選びなさい。,りんごの生産が多い,茶の栽培で知られる,近郊農業がさかん,さとうきびの栽培がみられる,1,茶の栽培で知られる,静岡県では茶の栽培で知られることが知られています。
G147,geography,日本の農業,basic,J1/J2,鹿児島県の農業の特色として最も適切なものを選びなさい。,てんさいやじゃがいもの生産が多い,畜産がさかん,茶の栽培で知られる,さとうきびの栽培がみられる,1,畜産がさかん,鹿児島県では畜産がさかんことが知られています。
G148,geography,日本の農業,basic,J1/J2,沖縄県の農業の特色として最も適切なものを選びなさい。,高原野菜の栽培がさかん,茶の栽培で知られる,りんごの生産が多い,さとうきびの栽培がみられる,3,さとうきびの栽培がみられる,沖縄県ではさとうきびの栽培がみられることが知られています。
G149,geography,日本の農業,basic,J1/J2,愛媛県の農業の特色として最も適切なものを選びなさい。,みかんの栽培で知られる,畜産がさかん,てんさいやじゃがいもの生産が多い,さとうきびの栽培がみられる,0,みかんの栽培で知られる,愛媛県ではみかんの栽培で知られることが知られています。
G150,geography,日本の農業,basic,J1/J2,青森県の農業の特色として最も適切なものを選びなさい。,りんごの生産が多い,てんさいやじゃがいもの生産が多い,高原野菜の栽培がさかん,さとうきびの栽培がみられる,0,りんごの生産が多い,青森県ではりんごの生産が多いことが知られています。
G151,geography,漁業,basic,J1/J2,北海道東部沖の特色として正しいものを選びなさい。,リアス海岸を生かした養殖がさかん,漁業がさかんな海域が多い,大規模な砂漠が広がる,寒流と暖流が交わり好漁場となる,3,寒流と暖流が交わり好漁場となる,北海道東部沖では寒流と暖流が交わり好漁場となることが特徴です。
G152,geography,漁業,basic,J1/J2,三陸海岸の特色として正しいものを選びなさい。,漁業がさかんな海域が多い,寒流と暖流が交わり好漁場となる,リアス海岸を生かした養殖がさかん,大規模な砂漠が広がる,2,リアス海岸を生かした養殖がさかん,三陸海岸ではリアス海岸を生かした養殖がさかんことが特徴です。
G153,geography,漁業,basic,J1/J2,瀬戸内海の特色として正しいものを選びなさい。,寒流と暖流が交わり好漁場となる,大規模な砂漠が広がる,おだやかな海を利用した養殖がみられる,漁業がさかんな海域が多い,2,おだやかな海を利用した養殖がみられる,瀬戸内海ではおだやかな海を利用した養殖がみられることが特徴です。
G154,geography,漁業,basic,J1/J2,長崎県周辺の特色として正しいものを選びなさい。,おだやかな海を利用した養殖がみられる,大規模な砂漠が広がる,漁業がさかんな海域が多い,寒流と暖流が交わり好漁場となる,2,漁業がさかんな海域が多い,長崎県周辺では漁業がさかんな海域が多いことが特徴です。
G155,geography,地域区分,basic,J1/J2,中国の地域区分として最も適切なものを選びなさい。,東南アジアに属する国,東南アジアに属する国,東アジアに属する国,ユーラシアに属する国,2,東アジアに属する国,中国は東アジアに属する国です。
G156,geography,地域区分,basic,J1/J2,韓国の地域区分として最も適切なものを選びなさい。,ヨーロッパに属する国,西アジアに属する国,東アジアに属する国,オセアニアに属する国,2,東アジアに属する国,韓国は東アジアに属する国です。
G157,geography,地域区分,basic,J1/J2,インドの地域区分として最も適切なものを選びなさい。,ヨーロッパに属する国,ヨーロッパに属する国,オセアニアに属する国,南アジアに属する国,3,南アジアに属する国,インドは南アジアに属する国です。
G158,geography,地域区分,basic,J1/J2,タイの地域区分として最も適切なものを選びなさい。,南アメリカに属する国,東南アジアに属する国,ヨーロッパに属する国,北アメリカに属する国,1,東南アジアに属する国,タイは東南アジアに属する国です。
G159,geography,地域区分,basic,J1/J2,ベトナムの地域区分として最も適切なものを選びなさい。,東アジアに属する国,オセアニアに属する国,東南アジアに属する国,ヨーロッパに属する国,2,東南アジアに属する国,ベトナムは東南アジアに属する国です。
G160,geography,地域区分,basic,J1/J2,サウジアラビアの地域区分として最も適切なものを選びなさい。,西アジアに属する国,ヨーロッパに属する国,北アフリカに属する国,ヨーロッパに属する国,0,西アジアに属する国,サウジアラビアは西アジアに属する国です。
G161,geography,地域区分,basic,J1/J2,エジプトの地域区分として最も適切なものを選びなさい。,ヨーロッパに属する国,北アフリカに属する国,南アジアに属する国,ユーラシアに属する国,1,北アフリカに属する国,エジプトは北アフリカに属する国です。
G162,geography,地域区分,basic,J1/J2,南アフリカ共和国の地域区分として最も適切なものを選びなさい。,北アメリカに属する国,南部アフリカに属する国,東南アジアに属する国,西アジアに属する国,1,南部アフリカに属する国,南アフリカ共和国は南部アフリカに属する国です。
G163,geography,地域区分,basic,J1/J2,オーストラリアの地域区分として最も適切なものを選びなさい。,ヨーロッパに属する国,オセアニアに属する国,ヨーロッパに属する国,北アメリカに属する国,1,オセアニアに属する国,オーストラリアはオセアニアに属する国です。
G164,geography,地域区分,basic,J1/J2,ニュージーランドの地域区分として最も適切なものを選びなさい。,西アジアに属する国,オセアニアに属する国,北アメリカに属する国,南アメリカに属する国,1,オセアニアに属する国,ニュージーランドはオセアニアに属する国です。
G165,geography,地域区分,basic,J1/J2,アメリカ合衆国の地域区分として最も適切なものを選びなさい。,ヨーロッパに属する国,北アメリカに属する国,東アジアに属する国,ヨーロッパに属する国,1,北アメリカに属する国,アメリカ合衆国は北アメリカに属する国です。
G166,geography,地域区分,basic,J1/J2,カナダの地域区分として最も適切なものを選びなさい。,ヨーロッパに属する国,ヨーロッパに属する国,北アメリカに属する国,ヨーロッパに属する国,2,北アメリカに属する国,カナダは北アメリカに属する国です。
G167,geography,地域区分,basic,J1/J2,ブラジルの地域区分として最も適切なものを選びなさい。,オセアニアに属する国,南部アフリカに属する国,東南アジアに属する国,南アメリカに属する国,3,南アメリカに属する国,ブラジルは南アメリカに属する国です。
G168,geography,地域区分,basic,J1/J2,アルゼンチンの地域区分として最も適切なものを選びなさい。,南アメリカに属する国,西アジアに属する国,東南アジアに属する国,南部アフリカに属する国,0,南アメリカに属する国,アルゼンチンは南アメリカに属する国です。
G169,geography,地域区分,basic,J1/J2,イギリスの地域区分として最も適切なものを選びなさい。,東南アジアに属する国,ユーラシアに属する国,東アジアに属する国,ヨーロッパに属する国,3,ヨーロッパに属する国,イギリスはヨーロッパに属する国です。
G170,geography,考察,basic,J1/J2,太平洋側の地域で、冬に晴れの日が多い理由として最も適切なものを選びなさい。,海上交通が便利で気候が温暖なため,入り組んだ海岸で波がおだやかな場所が多いため,国内で得られる資源が限られているため,季節風が山地をこえる間に乾燥するため,3,季節風が山地をこえる間に乾燥するため,季節風が山地をこえる間に乾燥するためので、そのような特色がみられます。
G171,geography,考察,basic,J1/J2,河口付近に平らな土地が広がる理由として最も適切なものを選びなさい。,海上交通が便利で気候が温暖なため,水はけがよい土地が多いため,人口や施設が集中して土地需要が高いため,川が運んだ土砂がたまりやすいため,3,川が運んだ土砂がたまりやすいため,川が運んだ土砂がたまりやすいためので、そのような特色がみられます。
G172,geography,考察,basic,J1/J2,埋め立て地に工場が多い理由として最も適切なものを選びなさい。,川が運んだ土砂がたまりやすいため,国内で得られる資源が限られているため,広い土地や港を利用しやすいため,夏でも比較的涼しいため,2,広い土地や港を利用しやすいため,広い土地や港を利用しやすいためので、そのような特色がみられます。
G173,geography,考察,basic,J1/J2,扇状地で果樹栽培がみられる理由として最も適切なものを選びなさい。,入り組んだ海岸で波がおだやかな場所が多いため,国内で得られる資源が限られているため,季節風が山地をこえる間に乾燥するため,水はけがよい土地が多いため,3,水はけがよい土地が多いため,水はけがよい土地が多いためので、そのような特色がみられます。
G174,geography,考察,basic,J1/J2,大都市で地価が高くなりやすい理由として最も適切なものを選びなさい。,入り組んだ海岸で波がおだやかな場所が多いため,海上交通が便利で気候が温暖なため,人口や施設が集中して土地需要が高いため,広い土地と冷涼な気候を生かせるため,2,人口や施設が集中して土地需要が高いため,人口や施設が集中して土地需要が高いためので、そのような特色がみられます。
G175,geography,考察,basic,J1/J2,日本が資源を多く輸入する理由として最も適切なものを選びなさい。,海上交通が便利で気候が温暖なため,国内で得られる資源が限られているため,水はけがよい土地が多いため,広い土地と冷涼な気候を生かせるため,1,国内で得られる資源が限られているため,国内で得られる資源が限られているためので、そのような特色がみられます。
G176,geography,考察,basic,J1/J2,北海道で酪農がさかんな理由として最も適切なものを選びなさい。,水はけがよい土地が多いため,夏でも比較的涼しいため,広い土地と冷涼な気候を生かせるため,季節風が山地をこえる間に乾燥するため,2,広い土地と冷涼な気候を生かせるため,広い土地と冷涼な気候を生かせるためので、そのような特色がみられます。
G177,geography,考察,basic,J1/J2,中央高地で高原野菜が作られる理由として最も適切なものを選びなさい。,人口がまったくいないため,広い土地や港を利用しやすいため,広い土地と冷涼な気候を生かせるため,夏でも比較的涼しいため,3,夏でも比較的涼しいため,夏でも比較的涼しいためので、そのような特色がみられます。
G178,geography,考察,basic,J1/J2,瀬戸内で工業が発達した理由として最も適切なものを選びなさい。,川が運んだ土砂がたまりやすいため,国内で得られる資源が限られているため,入り組んだ海岸で波がおだやかな場所が多いため,海上交通が便利で気候が温暖なため,3,海上交通が便利で気候が温暖なため,海上交通が便利で気候が温暖なためので、そのような特色がみられます。
G179,geography,考察,basic,J1/J2,三陸海岸で養殖がさかんな理由として最も適切なものを選びなさい。,広い土地と冷涼な気候を生かせるため,入り組んだ海岸で波がおだやかな場所が多いため,季節風が山地をこえる間に乾燥するため,広い土地や港を利用しやすいため,1,入り組んだ海岸で波がおだやかな場所が多いため,入り組んだ海岸で波がおだやかな場所が多いためので、そのような特色がみられます。
G180,geography,現代の課題・地理用語,basic,J1/J2,EUの説明として正しいものを選びなさい。,ヨーロッパの国々が協力する地域統合,山が連なっている地形,山地に囲まれた平地,都市部で気温が高くなりやすい現象,0,ヨーロッパの国々が協力する地域統合,EUとは、ヨーロッパの国々が協力する地域統合ことです。
G181,geography,現代の課題・地理用語,basic,J1/J2,ASEANの説明として正しいものを選びなさい。,経度0度の基準となる線,東南アジアの国々の結びつき,太陽が真上に近くなる北半球側の線,山地に囲まれた平地,1,東南アジアの国々の結びつき,ASEANとは、東南アジアの国々の結びつきことです。
G182,geography,現代の課題・地理用語,basic,J1/J2,NAFTAに代わる協定USMCAの説明として正しいものを選びなさい。,地球の最も北にある地域,北アメリカの自由貿易に関わる枠組み,海面からの高さ,人口が非常に多い大都市,1,北アメリカの自由貿易に関わる枠組み,NAFTAに代わる協定USMCAとは、北アメリカの自由貿易に関わる枠組みことです。
G183,geography,現代の課題・地理用語,basic,J1/J2,SDGsの説明として正しいものを選びなさい。,国土が島々でできている国,持続可能な社会の実現を目指す国際目標,温室効果ガスの増加などで気温が上がる問題,熱帯林などが減少する問題,1,持続可能な社会の実現を目指す国際目標,SDGsとは、持続可能な社会の実現を目指す国際目標ことです。
G184,geography,現代の課題・地理用語,basic,J1/J2,地球温暖化の説明として正しいものを選びなさい。,山地に囲まれた平地,温室効果ガスの増加などで気温が上がる問題,東南アジアの国々の結びつき,海面からの高さ,1,温室効果ガスの増加などで気温が上がる問題,地球温暖化とは、温室効果ガスの増加などで気温が上がる問題ことです。
G185,geography,現代の課題・地理用語,basic,J1/J2,砂漠化の説明として正しいものを選びなさい。,人口が非常に多い大都市,温室効果ガスの増加などで気温が上がる問題,緯度0度の線,乾燥や森林伐採などで土地が荒れる問題,3,乾燥や森林伐採などで土地が荒れる問題,砂漠化とは、乾燥や森林伐採などで土地が荒れる問題ことです。
G186,geography,現代の課題・地理用語,basic,J1/J2,森林破壊の説明として正しいものを選びなさい。,地球の最も北にある地域,乾燥や森林伐採などで土地が荒れる問題,北アメリカの自由貿易に関わる枠組み,熱帯林などが減少する問題,3,熱帯林などが減少する問題,森林破壊とは、熱帯林などが減少する問題ことです。
G187,geography,現代の課題・地理用語,basic,J1/J2,都市化の説明として正しいものを選びなさい。,経度0度の基準となる線,温室効果ガスの増加などで気温が上がる問題,都市に人口や産業が集まる変化,地球の最も南にある地域,2,都市に人口や産業が集まる変化,都市化とは、都市に人口や産業が集まる変化ことです。
G188,geography,現代の課題・地理用語,basic,J1/J2,メガシティの説明として正しいものを選びなさい。,ヨーロッパの国々が協力する地域統合,国土が島々でできている国,都市部で気温が高くなりやすい現象,人口が非常に多い大都市,3,人口が非常に多い大都市,メガシティとは、人口が非常に多い大都市ことです。
G189,geography,現代の課題・地理用語,basic,J1/J2,ヒートアイランド現象の説明として正しいものを選びなさい。,北アメリカの自由貿易に関わる枠組み,国土が島々でできている国,都市部で気温が高くなりやすい現象,広く平らな土地,2,都市部で気温が高くなりやすい現象,ヒートアイランド現象とは、都市部で気温が高くなりやすい現象ことです。
G190,geography,現代の課題・地理用語,basic,J1/J2,海抜の説明として正しいものを選びなさい。,人口が非常に多い大都市,都市部で気温が高くなりやすい現象,海面からの高さ,国土が島々でできている国,2,海面からの高さ,海抜とは、海面からの高さことです。
G191,geography,現代の課題・地理用語,basic,J1/J2,盆地の説明として正しいものを選びなさい。,持続可能な社会の実現を目指す国際目標,都市に人口や産業が集まる変化,山地に囲まれた平地,山が連なっている地形,2,山地に囲まれた平地,盆地とは、山地に囲まれた平地ことです。
G192,geography,現代の課題・地理用語,basic,J1/J2,平野の説明として正しいものを選びなさい。,ヨーロッパの国々が協力する地域統合,広く平らな土地,都市部で気温が高くなりやすい現象,山が連なっている地形,1,広く平らな土地,平野とは、広く平らな土地ことです。
G193,geography,現代の課題・地理用語,basic,J1/J2,山脈の説明として正しいものを選びなさい。,地球の最も北にある地域,山が連なっている地形,都市部で気温が高くなりやすい現象,経度0度の基準となる線,1,山が連なっている地形,山脈とは、山が連なっている地形ことです。
G194,geography,現代の課題・地理用語,basic,J1/J2,半島の説明として正しいものを選びなさい。,三方を海に囲まれた陸地,都市に人口や産業が集まる変化,人口が非常に多い大都市,熱帯林などが減少する問題,0,三方を海に囲まれた陸地,半島とは、三方を海に囲まれた陸地ことです。
G195,geography,現代の課題・地理用語,basic,J1/J2,島国の説明として正しいものを選びなさい。,国土が島々でできている国,都市部で気温が高くなりやすい現象,三方を海に囲まれた陸地,東南アジアの国々の結びつき,0,国土が島々でできている国,島国とは、国土が島々でできている国ことです。
G196,geography,現代の課題・地理用語,basic,J1/J2,本初子午線の説明として正しいものを選びなさい。,温室効果ガスの増加などで気温が上がる問題,北アメリカの自由貿易に関わる枠組み,経度0度の基準となる線,都市部で気温が高くなりやすい現象,2,経度0度の基準となる線,本初子午線とは、経度0度の基準となる線ことです。
G197,geography,現代の課題・地理用語,basic,J1/J2,赤道の説明として正しいものを選びなさい。,乾燥や森林伐採などで土地が荒れる問題,熱帯林などが減少する問題,緯度0度の線,温室効果ガスの増加などで気温が上がる問題,2,緯度0度の線,赤道とは、緯度0度の線ことです。
G198,geography,現代の課題・地理用語,basic,J1/J2,北回帰線の説明として正しいものを選びなさい。,乾燥や森林伐採などで土地が荒れる問題,人口が非常に多い大都市,太陽が真上に近くなる北半球側の線,国土が島々でできている国,2,太陽が真上に近くなる北半球側の線,北回帰線とは、太陽が真上に近くなる北半球側の線ことです。
G199,geography,現代の課題・地理用語,basic,J1/J2,南極の説明として正しいものを選びなさい。,北アメリカの自由貿易に関わる枠組み,地球の最も南にある地域,持続可能な社会の実現を目指す国際目標,三方を海に囲まれた陸地,1,地球の最も南にある地域,南極とは、地球の最も南にある地域ことです。
G200,geography,現代の課題・地理用語,basic,J1/J2,北極の説明として正しいものを選びなさい。,北アメリカの自由貿易に関わる枠組み,山地に囲まれた平地,緯度0度の線,地球の最も北にある地域,3,地球の最も北にある地域,北極とは、地球の最も北にある地域ことです。
